SNP,phenotype_id,variant_id,tss_distance,maf,ma_samples,ma_count,p,slope,slope_se,__index_level_0__,chr,pos38
rs1929901,ENSG00000112164.5,chr6_39014468_T_C_b38,-34330,0.179012343,79,87,0.000420607,-0.296815723,0.082769504,2915,chr6,39014468
rs12213726,ENSG00000112164.5,chr6_39015217_C_T_b38,-33581,0.314814806,127,153,0.035508826,0.142417327,0.067284794,2916,chr6,39015217
rs12213825,ENSG00000112164.5,chr6_39015406_C_A_b38,-33392,0.314814806,127,153,0.035508826,0.142417327,0.067284794,2917,chr6,39015406
rs12213929,ENSG00000112164.5,chr6_39015407_G_A_b38,-33391,0.314814806,127,153,0.035508826,0.142417327,0.067284794,2918,chr6,39015407
rs116649241,ENSG00000112164.5,chr6_39015490_T_G_b38,-33308,0.024691358,12,12,0.109117894,-0.339728117,0.211110923,2919,chr6,39015490
rs12214049,ENSG00000112164.5,chr6_39015682_G_C_b38,-33116,0.314814806,127,153,0.035508826,0.142417327,0.067284794,2920,chr6,39015682
rs4714207,ENSG00000112164.5,chr6_39015922_G_A_b38,-32876,0.152263373,68,74,0.09465074,0.146683216,0.087352819,2921,chr6,39015922
rs35618746,ENSG00000112164.5,chr6_39016250_T_TA_b38,-32548,0.179012343,79,87,0.000420607,-0.296815723,0.082769504,2922,chr6,39016250
rs4711570,ENSG00000112164.5,chr6_39016254_T_A_b38,-32544,0.379746795,148,185,0.228145074,-0.077905849,0.064448816,2923,chr6,39016254
rs4714208,ENSG00000112164.5,chr6_39016598_G_A_b38,-32200,0.139917731,64,68,0.873991659,-0.014726738,0.092743095,2924,chr6,39016598
rs17422753,ENSG00000112164.5,chr6_39016672_A_C_b38,-32126,0.179012343,79,87,0.000420607,-0.296815723,0.082769504,2925,chr6,39016672
rs147268495,ENSG00000112164.5,chr6_39017246_ATGGCCC_A_b38,-31552,0.012345679,6,6,0.002745567,-0.845869184,0.2789747,2926,chr6,39017246
rs2235871,ENSG00000112164.5,chr6_39017580_C_T_b38,-31218,0.139917731,64,68,0.873991659,-0.014726738,0.092743095,2927,chr6,39017580
rs75229927,ENSG00000112164.5,chr6_39017618_C_T_b38,-31180,0.076131687,37,37,0.977879058,0.003506099,0.126290232,2928,chr6,39017618
rs7766930,ENSG00000112164.5,chr6_39018388_T_C_b38,-30410,0.139917731,64,68,0.873991659,-0.014726738,0.092743095,2929,chr6,39018388
rs148861652,ENSG00000112164.5,chr6_39018500_C_G_b38,-30298,0.037037037,18,18,0.019847663,-0.422126204,0.179797535,2930,chr6,39018500
rs2281348,ENSG00000112164.5,chr6_39018555_T_G_b38,-30243,0.152263373,68,74,0.09465074,0.146683216,0.087352819,2931,chr6,39018555
rs2281347,ENSG00000112164.5,chr6_39019096_C_T_b38,-29702,0.152263373,68,74,0.09465074,0.146683216,0.087352819,2932,chr6,39019096
rs71571358,ENSG00000112164.5,chr6_39019192_A_G_b38,-29606,0.179012343,79,87,0.000420607,-0.296815723,0.082769504,2933,chr6,39019192
rs62398586,ENSG00000112164.5,chr6_39019576_C_T_b38,-29222,0.152263373,68,74,0.09465074,0.146683216,0.087352819,2934,chr6,39019576
rs2281346,ENSG00000112164.5,chr6_39019700_A_G_b38,-29098,0.139917731,64,68,0.873991659,-0.014726738,0.092743095,2935,chr6,39019700
rs13201998,ENSG00000112164.5,chr6_39019716_A_T_b38,-29082,0.179012343,79,87,0.000420607,-0.296815723,0.082769504,2936,chr6,39019716
rs2281345,ENSG00000112164.5,chr6_39020250_A_G_b38,-28548,0.372428,142,181,0.203440267,-0.080548353,0.063129416,2937,chr6,39020250
rs35157233,ENSG00000112164.5,chr6_39021335_CA_C_b38,-27463,0.133744851,59,65,0.353366788,-0.085441045,0.091851268,2938,chr6,39021335
rs2235870,ENSG00000112164.5,chr6_39021566_G_A_b38,-27232,0.372428,142,181,0.203440267,-0.080548353,0.063129416,2939,chr6,39021566
rs2235869,ENSG00000112164.5,chr6_39021609_G_T_b38,-27189,0.368312776,141,179,0.181564133,-0.085264258,0.063603828,2940,chr6,39021609
rs62398587,ENSG00000112164.5,chr6_39022487_T_C_b38,-26311,0.152263373,68,74,0.09465074,0.146683216,0.087352819,2941,chr6,39022487
rs4573077,ENSG00000112164.5,chr6_39023014_A_G_b38,-25784,0.133744851,59,65,0.353366788,-0.085441045,0.091851268,2942,chr6,39023014
rs2095029,ENSG00000112164.5,chr6_39023167_G_T_b38,-25631,0.374485612,142,182,0.165580921,-0.087060325,0.062563449,2943,chr6,39023167
rs141337756,ENSG00000112164.5,chr6_39023354_A_G_b38,-25444,0.076131687,37,37,0.977879058,0.003506099,0.126290232,2944,chr6,39023354
rs57002741,ENSG00000112164.5,chr6_39023397_G_A_b38,-25401,0.22839506,98,111,0.15412327,0.105621427,0.07383753,2945,chr6,39023397
rs761385,ENSG00000112164.5,chr6_39023740_G_C_b38,-25058,0.139917731,64,68,0.873991659,-0.014726738,0.092743095,2946,chr6,39023740
rs2395712,ENSG00000112164.5,chr6_39023784_T_G_b38,-25014,0.152263373,68,74,0.09465074,0.146683216,0.087352819,2947,chr6,39023784
rs761384,ENSG00000112164.5,chr6_39023914_T_C_b38,-24884,0.139917731,64,68,0.873991659,-0.014726738,0.092743095,2948,chr6,39023914
rs2281342,ENSG00000112164.5,chr6_39024892_T_C_b38,-23906,0.31893003,128,155,0.024342297,0.151419953,0.066744892,2949,chr6,39024892
rs2281341,ENSG00000112164.5,chr6_39024929_T_C_b38,-23869,0.185185179,80,90,0.000291915,-0.294225693,0.079814622,2950,chr6,39024929
rs2281340,ENSG00000112164.5,chr6_39025110_C_A_b38,-23688,0.139917731,64,68,0.873991659,-0.014726738,0.092743095,2951,chr6,39025110
rs12202871,ENSG00000112164.5,chr6_39025259_T_C_b38,-23539,0.314814806,127,153,0.035508826,0.142417327,0.067284794,2952,chr6,39025259
rs114984503,ENSG00000112164.5,chr6_39025619_C_A_b38,-23179,0.061728392,30,30,0.006681898,-0.388916463,0.141915508,2953,chr6,39025619
rs67415841,ENSG00000112164.5,chr6_39025859_AT_A_b38,-22939,0.372428,142,181,0.203440267,-0.080548353,0.063129416,2954,chr6,39025859
rs2894418,ENSG00000112164.5,chr6_39025940_C_T_b38,-22858,0.137860119,63,67,0.965766894,-0.003979967,0.092619852,2955,chr6,39025940
rs56353223,ENSG00000112164.5,chr6_39026341_C_T_b38,-22457,0.133744851,59,65,0.353366788,-0.085441045,0.091851268,2956,chr6,39026341
rs2273094,ENSG00000112164.5,chr6_39026409_G_A_b38,-22389,0.133744851,59,65,0.353366788,-0.085441045,0.091851268,2957,chr6,39026409
rs116821118,ENSG00000112164.5,chr6_39026498_A_G_b38,-22300,0.043209877,21,21,0.213940199,0.204126939,0.163732404,2958,chr6,39026498
rs2273093,ENSG00000112164.5,chr6_39026792_A_G_b38,-22006,0.139917731,64,68,0.873991659,-0.014726738,0.092743095,2959,chr6,39026792
rs116504321,ENSG00000112164.5,chr6_39026948_C_T_b38,-21850,0.05967078,29,29,0.550753852,0.086303785,0.1444104,2960,chr6,39026948
rs111832584,ENSG00000112164.5,chr6_39027060_T_TAAAC_b38,-21738,0.156378597,70,76,0.112514599,0.13848199,0.086882577,2961,chr6,39027060
rs35234259,ENSG00000112164.5,chr6_39027096_G_A_b38,-21702,0.179012343,79,87,0.000420607,-0.296815723,0.082769504,2962,chr6,39027096
rs113035245,ENSG00000112164.5,chr6_39027489_C_A_b38,-21309,0.024691358,12,12,0.817622633,-0.048533104,0.21018819,2963,chr6,39027489
rs35548896,ENSG00000112164.5,chr6_39027656_G_A_b38,-21142,0.133744851,59,65,0.353366788,-0.085441045,0.091851268,2964,chr6,39027656
rs2150891,ENSG00000112164.5,chr6_39027767_G_A_b38,-21031,0.139917731,64,68,0.873991659,-0.014726738,0.092743095,2965,chr6,39027767
rs9470963,ENSG00000112164.5,chr6_39028833_A_G_b38,-19965,0.22839506,98,111,0.15412327,0.105621427,0.07383753,2966,chr6,39028833
rs1332010,ENSG00000112164.5,chr6_39029099_T_C_b38,-19699,0.273662567,114,133,0.546895374,0.043413606,0.071944557,2967,chr6,39029099
rs6923397,ENSG00000112164.5,chr6_39029470_T_C_b38,-19328,0.152263373,68,74,0.09465074,0.146683216,0.087352819,2968,chr6,39029470
rs12209049,ENSG00000112164.5,chr6_39032276_C_A_b38,-16522,0.076131687,37,37,0.977879058,0.003506099,0.126290232,2969,chr6,39032276
rs9380823,ENSG00000112164.5,chr6_39032597_G_T_b38,-16201,0.316872418,127,154,0.050511053,0.131386176,0.066785099,2970,chr6,39032597
rs113051211,ENSG00000112164.5,chr6_39034477_A_G_b38,-14321,0.041152261,20,20,0.564798161,0.098031975,0.169995295,2971,chr6,39034477
rs62398588,ENSG00000112164.5,chr6_39035506_G_A_b38,-13292,0.024691358,12,12,0.337202627,0.20121944,0.20917152,2972,chr6,39035506
rs11963172,ENSG00000112164.5,chr6_39035777_G_A_b38,-13021,0.244855955,106,119,7.36E-05,-0.296541452,0.073265278,2973,chr6,39035777
rs72857945,ENSG00000112164.5,chr6_39036098_A_G_b38,-12700,0.312757194,127,152,0.019599144,0.160086855,0.068046562,2974,chr6,39036098
rs115857836,ENSG00000112164.5,chr6_39036178_T_C_b38,-12620,0.039094649,18,19,0.076186616,0.289904863,0.162653075,2975,chr6,39036178
rs28360623,ENSG00000112164.5,chr6_39036216_C_T_b38,-12582,0.244855955,106,119,7.36E-05,-0.296541452,0.073265278,2976,chr6,39036216
rs145147044,ENSG00000112164.5,chr6_39037570_T_C_b38,-11228,0.020576131,10,10,0.510417498,-0.147901341,0.224313421,2977,chr6,39037570
rs6458091,ENSG00000112164.5,chr6_39037916_C_T_b38,-10882,0.076131687,37,37,0.977879058,0.003506099,0.126290232,2978,chr6,39037916
rs7738586,ENSG00000112164.5,chr6_39039764_C_A_b38,-9034,0.076131687,37,37,0.977879058,0.003506099,0.126290232,2979,chr6,39039764
rs6458092,ENSG00000112164.5,chr6_39041046_A_G_b38,-7752,0.086419754,42,42,0.843092602,0.023964655,0.120915906,2980,chr6,39041046
rs9357297,ENSG00000112164.5,chr6_39042070_T_C_b38,-6728,0.312757194,127,152,0.019599144,0.160086855,0.068046562,2981,chr6,39042070
rs9380825,ENSG00000112164.5,chr6_39043187_G_A_b38,-5611,0.312757194,127,152,0.019599144,0.160086855,0.068046562,2982,chr6,39043187
rs150807321,ENSG00000112164.5,chr6_39043248_AGGGAAGATAGAGGGCTGTG_A_b38,-5550,0.25514403,109,124,1.82E-05,-0.31599009,0.071984569,2983,chr6,39043248
rs7760279,ENSG00000112164.5,chr6_39043738_C_A_b38,-5060,0.055555552,27,27,0.829819634,0.031836044,0.147930116,2984,chr6,39043738
rs73412501,ENSG00000112164.5,chr6_39043763_A_T_b38,-5035,0.02674897,13,13,0.399717963,-0.172837138,0.204807309,2985,chr6,39043763
rs112064908,ENSG00000112164.5,chr6_39043813_C_T_b38,-4985,0.039094649,19,19,0.060648887,0.317766041,0.168437978,2986,chr6,39043813
rs77760302,ENSG00000112164.5,chr6_39044227_G_A_b38,-4571,0.022633744,11,11,0.46444577,-0.162766635,0.22207623,2987,chr6,39044227
rs72857948,ENSG00000112164.5,chr6_39045450_G_C_b38,-3348,0.072016455,34,35,0.878686366,-0.01941848,0.127061696,2988,chr6,39045450
rs12204558,ENSG00000112164.5,chr6_39045788_C_T_b38,-3010,0.039094649,19,19,0.849103387,0.032613732,0.171195722,2989,chr6,39045788
rs9296274,ENSG00000112164.5,chr6_39047342_A_G_b38,-1456,0.102880657,49,50,0.699940906,-0.043461569,0.11261052,2990,chr6,39047342
rs10305414,ENSG00000112164.5,chr6_39047636_T_G_b38,-1162,0.072016455,34,35,0.878686366,-0.01941848,0.127061696,2991,chr6,39047636
rs10305415,ENSG00000112164.5,chr6_39047653_T_C_b38,-1145,0.02674897,13,13,0.773785138,-0.059961613,0.208336867,2992,chr6,39047653
rs10305416,ENSG00000112164.5,chr6_39047693_G_A_b38,-1105,0.02674897,13,13,0.773785138,-0.059961613,0.208336867,2993,chr6,39047693
rs34242937,ENSG00000112164.5,chr6_39048319_G_GA_b38,-479,0.26543209,114,129,1.50E-05,-0.314396262,0.070874592,2994,chr6,39048319
rs880067,ENSG00000112164.5,chr6_39048581_C_T_b38,-217,0.267489702,114,130,1.06E-05,-0.31450972,0.069632043,2995,chr6,39048581
rs10305420,ENSG00000112164.5,chr6_39048860_C_T_b38,62,0.355967075,142,173,4.12E-05,0.272585154,0.065014876,2996,chr6,39048860
rs10305423,ENSG00000112164.5,chr6_39049286_C_T_b38,488,0.016460905,8,8,0.263420964,0.283593953,0.252881379,2997,chr6,39049286
rs9462472,ENSG00000112164.5,chr6_39050192_T_C_b38,1394,0.199588478,84,97,0.531706525,-0.048669882,0.077688326,2998,chr6,39050192
rs116121489,ENSG00000112164.5,chr6_39050253_G_T_b38,1455,0.02674897,13,13,0.773785138,-0.059961613,0.208336867,2999,chr6,39050253
rs13215087,ENSG00000112164.5,chr6_39050308_G_A_b38,1510,0.269547313,114,131,1.26E-05,-0.30867964,0.068934934,3000,chr6,39050308
rs11964854,ENSG00000112164.5,chr6_39050717_A_C_b38,1919,0.277777761,118,135,2.15E-05,-0.299672246,0.068884296,3001,chr6,39050717
rs80298419,ENSG00000112164.5,chr6_39050801_T_C_b38,2003,0.02674897,13,13,0.773785138,-0.059961613,0.208336867,3002,chr6,39050801
rs910171,ENSG00000112164.5,chr6_39051098_G_C_b38,2300,0.067901231,32,33,0.945813502,-0.008663708,0.127315487,3003,chr6,39051098
rs13219169,ENSG00000112164.5,chr6_39051177_G_A_b38,2379,0.034979422,17,17,0.000105962,-0.675441265,0.170807719,3004,chr6,39051177
rs116623469,ENSG00000112164.5,chr6_39051229_C_T_b38,2431,0.05967078,29,29,0.013483086,-0.353276223,0.141733079,3005,chr6,39051229
rs148605442,ENSG00000112164.5,chr6_39051515_G_A_b38,2717,0.043209877,21,21,0.000153402,0.606549799,0.157211243,3006,chr6,39051515
rs926674,ENSG00000112164.5,chr6_39051727_A_G_b38,2929,0.100823045,46,49,0.637093934,-0.050181329,0.106209052,3007,chr6,39051727
rs114581681,ENSG00000112164.5,chr6_39051829_C_G_b38,3031,0.022633744,11,11,0.550530659,-0.133512095,0.223277921,3008,chr6,39051829
rs2284795,ENSG00000112164.5,chr6_39051841_T_G_b38,3043,0.030864196,15,15,0.669607407,-0.082097054,0.192125873,3009,chr6,39051841
rs879395206,ENSG00000112164.5,chr6_39051881_C_CTG_b38,3083,0.028806584,14,14,0.71625438,-0.071750939,0.1971307,3010,chr6,39051881
rs12660306,ENSG00000112164.5,chr6_39052138_C_A_b38,3340,0.162551463,73,79,0.616152563,-0.04350055,0.086639978,3011,chr6,39052138
rs2268657,ENSG00000112164.5,chr6_39052766_T_C_b38,3968,0.438271582,168,213,0.000227578,0.241481483,0.064333958,3012,chr6,39052766
rs2268654,ENSG00000112164.5,chr6_39053936_C_T_b38,5138,0.207818925,87,101,0.825588935,-0.016855508,0.076391231,3013,chr6,39053936
rs2268652,ENSG00000112164.5,chr6_39054035_C_T_b38,5237,0.041152261,20,20,0.728069623,-0.058841407,0.168999564,3014,chr6,39054035
rs13202369,ENSG00000112164.5,chr6_39054922_A_G_b38,6124,0.331275702,134,161,0.000126028,-0.258602977,0.066146962,3015,chr6,39054922
rs141109053,ENSG00000112164.5,chr6_39055047_CA_C_b38,6249,0.020576131,10,10,0.962085401,0.011051686,0.232200184,3016,chr6,39055047
rs10305429,ENSG00000112164.5,chr6_39055365_G_A_b38,6567,0.022633744,11,11,0.196555317,-0.286865175,0.221400372,3017,chr6,39055365
rs4714209,ENSG00000112164.5,chr6_39055583_C_T_b38,6785,0.259259254,108,126,0.003905091,0.209228143,0.071672329,3018,chr6,39055583
rs3799707,ENSG00000112164.5,chr6_39055734_T_G_b38,6936,0.333333373,135,162,6.86E-05,-0.270250559,0.066477303,3019,chr6,39055734
rs10305432,ENSG00000112164.5,chr6_39055854_T_C_b38,7056,0.199588478,86,97,0.263781158,0.086120076,0.076851599,3020,chr6,39055854
rs9296275,ENSG00000112164.5,chr6_39056843_C_T_b38,8045,0.055555552,27,27,0.703454381,-0.055413786,0.145367149,3021,chr6,39056843
rs10305439,ENSG00000112164.5,chr6_39056940_C_A_b38,8142,0.440329194,174,214,1.73E-13,-0.47112605,0.059635214,3022,chr6,39056940
rs2143734,ENSG00000112164.5,chr6_39056980_A_G_b38,8182,0.351851851,145,171,0.021229279,0.156166434,0.067257657,3023,chr6,39056980
rs10305442,ENSG00000112164.5,chr6_39057183_A_G_b38,8385,0.483539104,184,235,3.56E-09,-0.379280448,0.061428654,3024,chr6,39057183
rs10305443,ENSG00000112164.5,chr6_39057267_A_G_b38,8469,0.037037037,18,18,0.235492837,0.199660584,0.167802353,3025,chr6,39057267
rs1004279,ENSG00000112164.5,chr6_39058009_G_A_b38,9211,0.224279881,96,109,6.27E-07,-0.372322083,0.072358559,3026,chr6,39058009
rs12190704,ENSG00000112164.5,chr6_39058088_G_A_b38,9290,0.08024691,38,39,0.047379518,0.246112376,0.123364141,3027,chr6,39058088
rs1004280,ENSG00000112164.5,chr6_39058106_A_G_b38,9308,0.224279881,96,109,6.27E-07,-0.372322083,0.072358559,3028,chr6,39058106
rs10305445,ENSG00000112164.5,chr6_39058761_C_T_b38,9963,0.08024691,38,39,0.047379518,0.246112376,0.123364141,3029,chr6,39058761
rs9283906,ENSG00000112164.5,chr6_39058899_T_C_b38,10101,0.224279881,96,109,6.27E-07,-0.372322083,0.072358559,3030,chr6,39058899
rs9283907,ENSG00000112164.5,chr6_39058927_A_G_b38,10129,0.144032955,67,70,5.17E-06,-0.420651406,0.089831043,3031,chr6,39058927
rs59902637,ENSG00000112164.5,chr6_39059330_C_T_b38,10532,0.067901231,31,33,0.765340496,-0.037548847,0.125633587,3032,chr6,39059330
rs73414426,ENSG00000112164.5,chr6_39060206_G_A_b38,11408,0.057613168,27,28,0.54994781,-0.082587332,0.13791238,3033,chr6,39060206
rs12528717,ENSG00000112164.5,chr6_39060830_A_T_b38,12032,0.082304522,39,40,0.07872846,0.217016146,0.122815163,3034,chr6,39060830
rs78878024,ENSG00000112164.5,chr6_39061129_C_T_b38,12331,0.082304522,39,40,0.07872846,0.217016146,0.122815163,3035,chr6,39061129
rs2268651,ENSG00000112164.5,chr6_39062026_T_C_b38,13228,0.05349794,26,26,0.003246657,0.431349367,0.144807359,3036,chr6,39062026
rs742764,ENSG00000112164.5,chr6_39062058_C_T_b38,13260,0.407407403,163,198,6.87E-11,-0.424619019,0.061628401,3037,chr6,39062058
rs2268650,ENSG00000112164.5,chr6_39062625_G_A_b38,13827,0.388888866,158,189,1.79E-12,-0.466524065,0.062082304,3038,chr6,39062625
rs742763,ENSG00000112164.5,chr6_39062676_G_A_b38,13878,0.082304522,39,40,0.07872846,0.217016146,0.122815163,3039,chr6,39062676
rs150434085,ENSG00000112164.5,chr6_39062879_T_A_b38,14081,0.022633744,11,11,0.820846354,0.055272002,0.243757502,3040,chr6,39062879
rs114696285,ENSG00000112164.5,chr6_39062882_A_G_b38,14084,0.055555552,27,27,0.001307715,0.466835022,0.143213527,3041,chr6,39062882
rs877446,ENSG00000112164.5,chr6_39063263_A_G_b38,14465,0.44650209,177,217,9.39E-06,-0.300747782,0.066156488,3042,chr6,39063263
rs3778445,ENSG00000112164.5,chr6_39063347_T_G_b38,14549,0.055555552,27,27,0.001307715,0.466835022,0.143213527,3043,chr6,39063347
rs79483612,ENSG00000112164.5,chr6_39063638_G_T_b38,14840,0.055555552,27,27,0.001307715,0.466835022,0.143213527,3044,chr6,39063638
rs80263562,ENSG00000112164.5,chr6_39063806_A_G_b38,15008,0.055555552,27,27,0.001307715,0.466835022,0.143213527,3045,chr6,39063806
rs75151020,ENSG00000112164.5,chr6_39063816_A_C_b38,15018,0.082304522,39,40,0.07872846,0.217016146,0.122815163,3046,chr6,39063816
rs880347,ENSG00000112164.5,chr6_39064045_A_G_b38,15247,0.397119343,163,193,1.35E-12,-0.474623382,0.062770651,3047,chr6,39064045
rs10592701,ENSG00000112164.5,chr6_39064053_GTAGT_G_b38,15255,0.055555552,27,27,0.001307715,0.466835022,0.143213527,3048,chr6,39064053
rs138259285,ENSG00000112164.5,chr6_39064153_G_A_b38,15355,0.055555552,27,27,0.001307715,0.466835022,0.143213527,3049,chr6,39064153
rs5875653,ENSG00000112164.5,chr6_39064193_T_TG_b38,15395,0.397119343,163,193,1.35E-12,-0.474623382,0.062770651,3050,chr6,39064193
rs144027142,ENSG00000112164.5,chr6_39064202_A_G_b38,15404,0.055555552,27,27,0.001307715,0.466835022,0.143213527,3051,chr6,39064202
rs2003132,ENSG00000112164.5,chr6_39064213_C_A_b38,15415,0.401234567,165,195,6.93E-13,-0.481213957,0.062720218,3052,chr6,39064213
rs144925072,ENSG00000112164.5,chr6_39064266_G_A_b38,15468,0.055555552,27,27,0.001307715,0.466835022,0.143213527,3053,chr6,39064266
rs874899,ENSG00000112164.5,chr6_39064525_G_T_b38,15727,0.055555552,27,27,0.001307715,0.466835022,0.143213527,3054,chr6,39064525
rs910170,ENSG00000112164.5,chr6_39064639_A_G_b38,15841,0.465020597,182,226,1.95E-05,-0.290268838,0.066372815,3055,chr6,39064639
rs874900,ENSG00000112164.5,chr6_39064761_A_G_b38,15963,0.05349794,26,26,0.001746632,0.455012292,0.143429354,3056,chr6,39064761
rs3892645,ENSG00000112164.5,chr6_39064773_G_A_b38,15975,0.055555552,27,27,0.001307715,0.466835022,0.143213527,3057,chr6,39064773
rs874902,ENSG00000112164.5,chr6_39064777_T_C_b38,15979,0.055555552,27,27,0.001307715,0.466835022,0.143213527,3058,chr6,39064777
rs2254341,ENSG00000112164.5,chr6_39064939_T_C_b38,16141,0.05349794,26,26,0.004036746,0.427907735,0.147126184,3059,chr6,39064939
rs2254336,ENSG00000112164.5,chr6_39065059_A_T_b38,16261,0.493827164,184,240,0.000657261,-0.223199844,0.064500148,3060,chr6,39065059
rs910168,ENSG00000112164.5,chr6_39065302_G_A_b38,16504,0.041152261,20,20,0.010551191,0.428188086,0.165888844,3061,chr6,39065302
rs910167,ENSG00000112164.5,chr6_39065355_G_A_b38,16557,0.039094649,19,19,0.002470406,0.52225405,0.17037809,3062,chr6,39065355
rs910166,ENSG00000112164.5,chr6_39065392_G_A_b38,16594,0.082304522,39,40,0.045607328,0.23609741,0.117380609,3063,chr6,39065392
rs910165,ENSG00000112164.5,chr6_39065404_G_A_b38,16606,0.483539075,187,235,1.82E-06,-0.32110998,0.065325511,3064,chr6,39065404
rs910163,ENSG00000112164.5,chr6_39065644_A_G_b38,16846,0.475308657,185,231,0.000295578,-0.245637521,0.066695449,3065,chr6,39065644
rs910162,ENSG00000112164.5,chr6_39065651_A_T_b38,16853,0.475308657,185,231,0.000295578,-0.245637521,0.066695449,3066,chr6,39065651
rs3765468,ENSG00000112164.5,chr6_39065817_G_A_b38,17019,0.069958843,32,34,0.632780153,-0.059499618,0.12433545,3067,chr6,39065817
rs3765466,ENSG00000112164.5,chr6_39066002_T_A_b38,17204,0.485596687,188,236,8.75E-07,-0.331413478,0.065307122,3068,chr6,39066002
rs9296276,ENSG00000112164.5,chr6_39066122_G_T_b38,17324,0.32921809,140,160,2.52E-10,-0.448945701,0.067414642,3069,chr6,39066122
rs10305456,ENSG00000112164.5,chr6_39066126_C_T_b38,17328,0.039094649,19,19,0.002470406,0.52225405,0.17037809,3070,chr6,39066126
rs6923761,ENSG00000112164.5,chr6_39066296_G_A_b38,17498,0.32921809,140,160,2.52E-10,-0.448945701,0.067414642,3071,chr6,39066296
rs10305457,ENSG00000112164.5,chr6_39066319_C_T_b38,17521,0.096707813,46,47,0.196414786,0.141696244,0.109325612,3072,chr6,39066319
rs4711571,ENSG00000112164.5,chr6_39066419_A_C_b38,17621,0.170781881,77,83,0.536179453,0.054189272,0.087450634,3073,chr6,39066419
rs4711572,ENSG00000112164.5,chr6_39066434_A_G_b38,17636,0.49999997,193,243,7.11E-08,-0.366430551,0.065500693,3074,chr6,39066434
rs9296277,ENSG00000112164.5,chr6_39066472_G_A_b38,17674,0.49999997,193,243,7.11E-08,-0.366430551,0.065500693,3075,chr6,39066472
rs9296278,ENSG00000112164.5,chr6_39066531_A_G_b38,17733,0.49999997,193,243,7.11E-08,-0.366430551,0.065500693,3076,chr6,39066531
rs9296279,ENSG00000112164.5,chr6_39066537_C_G_b38,17739,0.49999997,193,243,7.11E-08,-0.366430551,0.065500693,3077,chr6,39066537
rs10305462,ENSG00000112164.5,chr6_39066549_G_A_b38,17751,0.039094649,19,19,0.002470406,0.52225405,0.17037809,3078,chr6,39066549
rs9296280,ENSG00000112164.5,chr6_39066708_T_C_b38,17910,0.32921809,140,160,2.52E-10,-0.448945701,0.067414642,3079,chr6,39066708
rs9296281,ENSG00000112164.5,chr6_39066860_T_A_b38,18062,0.49999997,193,243,7.11E-08,-0.366430551,0.065500693,3080,chr6,39066860
rs9296282,ENSG00000112164.5,chr6_39066958_C_T_b38,18160,0.49999997,193,243,7.11E-08,-0.366430551,0.065500693,3081,chr6,39066958
rs9296283,ENSG00000112164.5,chr6_39067220_G_A_b38,18422,0.49999997,193,243,7.11E-08,-0.366430551,0.065500693,3082,chr6,39067220
rs9296284,ENSG00000112164.5,chr6_39067356_C_T_b38,18558,0.49999997,193,243,7.11E-08,-0.366430551,0.065500693,3083,chr6,39067356
rs7765641,ENSG00000112164.5,chr6_39067474_G_A_b38,18676,0.49999997,193,243,7.11E-08,-0.366430551,0.065500693,3084,chr6,39067474
rs7765879,ENSG00000112164.5,chr6_39067745_C_T_b38,18947,0.497942358,192,242,1.89E-07,-0.353076965,0.065430014,3085,chr6,39067745
rs12199414,ENSG00000112164.5,chr6_39067869_C_T_b38,19071,0.072016455,33,35,0.037035651,-0.253979713,0.120989039,3086,chr6,39067869
rs7766068,ENSG00000112164.5,chr6_39067871_C_T_b38,19073,0.497942358,192,242,1.89E-07,-0.353076965,0.065430014,3087,chr6,39067871
rs7766228,ENSG00000112164.5,chr6_39067937_C_T_b38,19139,0.497942358,192,242,1.89E-07,-0.353076965,0.065430014,3088,chr6,39067937
rs7766663,ENSG00000112164.5,chr6_39068006_G_T_b38,19208,0.473251015,186,230,4.27E-09,-0.401510775,0.065393872,3089,chr6,39068006
rs7766275,ENSG00000112164.5,chr6_39068060_A_C_b38,19262,0.497942358,192,242,1.89E-07,-0.353076965,0.065430014,3090,chr6,39068060
rs12201075,ENSG00000112164.5,chr6_39068294_G_A_b38,19496,0.497942358,192,242,1.89E-07,-0.353076965,0.065430014,3091,chr6,39068294
rs57248948,ENSG00000112164.5,chr6_39068402_G_GC_b38,19604,0.069958843,32,34,0.632780153,-0.059499618,0.12433545,3092,chr6,39068402
rs12214482,ENSG00000112164.5,chr6_39068409_A_G_b38,19611,0.168724269,76,82,0.435347868,0.068094291,0.087119297,3093,chr6,39068409
rs12214488,ENSG00000112164.5,chr6_39068457_A_G_b38,19659,0.497942358,192,242,1.89E-07,-0.353076965,0.065430014,3094,chr6,39068457
rs7341356,ENSG00000112164.5,chr6_39068569_A_G_b38,19771,0.497942358,192,242,1.89E-07,-0.353076965,0.065430014,3095,chr6,39068569
rs13216992,ENSG00000112164.5,chr6_39068679_G_C_b38,19881,0.32921809,140,160,2.52E-10,-0.448945701,0.067414642,3096,chr6,39068679
rs7341358,ENSG00000112164.5,chr6_39068694_G_A_b38,19896,0.497942358,192,242,1.89E-07,-0.353076965,0.065430014,3097,chr6,39068694
rs7341360,ENSG00000112164.5,chr6_39068803_G_A_b38,20005,0.497942358,192,242,1.89E-07,-0.353076965,0.065430014,3098,chr6,39068803
rs80228310,ENSG00000112164.5,chr6_39068969_C_T_b38,20171,0.045267489,22,22,0.649753933,0.07305146,0.160630551,3099,chr6,39068969
rs9357298,ENSG00000112164.5,chr6_39069058_A_T_b38,20260,0.497942358,192,242,1.89E-07,-0.353076965,0.065430014,3100,chr6,39069058
rs144285292,ENSG00000112164.5,chr6_39069399_C_T_b38,20601,0.069958843,32,34,0.632780153,-0.059499618,0.12433545,3101,chr6,39069399
rs9394573,ENSG00000112164.5,chr6_39069418_G_A_b38,20620,0.497942358,192,242,1.89E-07,-0.353076965,0.065430014,3102,chr6,39069418
rs113120569,ENSG00000112164.5,chr6_39069526_G_A_b38,20728,0.164609045,74,80,0.391522182,0.075074278,0.087428447,3103,chr6,39069526
rs368896097,ENSG00000112164.5,chr6_39069568_G_GCT_b38,20770,0.483539075,185,235,4.90E-08,-0.358673513,0.063273772,3104,chr6,39069568
rs375189198,ENSG00000112164.5,chr6_39069569_TGAGCAGA_T_b38,20771,0.491769522,189,239,3.70E-08,-0.366802037,0.064081935,3105,chr6,39069569
rs115489625,ENSG00000112164.5,chr6_39069812_G_A_b38,21014,0.018518519,9,9,0.94378182,0.017509075,0.247987135,3106,chr6,39069812
rs35887128,ENSG00000112164.5,chr6_39070082_A_G_b38,21284,0.32921809,140,160,2.52E-10,-0.448945701,0.067414642,3107,chr6,39070082
rs4711573,ENSG00000112164.5,chr6_39070101_G_A_b38,21303,0.49999997,193,243,7.11E-08,-0.366430551,0.065500693,3108,chr6,39070101
rs4711574,ENSG00000112164.5,chr6_39070179_A_G_b38,21381,0.166666657,75,81,0.487342594,0.061034407,0.087716847,3109,chr6,39070179
rs4711575,ENSG00000112164.5,chr6_39070246_G_A_b38,21448,0.49999997,193,243,7.11E-08,-0.366430551,0.065500693,3110,chr6,39070246
rs35668988,ENSG00000112164.5,chr6_39070391_AGTT_A_b38,21593,0.096707813,46,47,0.196414786,0.141696244,0.109325612,3111,chr6,39070391
rs145195774,ENSG00000112164.5,chr6_39070854_CTG_C_b38,22056,0.037037037,18,18,0.007416029,0.478030384,0.176737036,3112,chr6,39070854
rs35021623,ENSG00000112164.5,chr6_39070978_T_TA_b38,22180,0.485596716,188,236,2.01E-08,-0.371826112,0.063634191,3113,chr6,39070978
rs6906372,ENSG00000112164.5,chr6_39071000_C_G_b38,22202,0.485596716,188,236,2.01E-08,-0.371826112,0.063634191,3114,chr6,39071000
rs12206797,ENSG00000112164.5,chr6_39071273_G_A_b38,22475,0.072016455,33,35,0.037035651,-0.253979713,0.120989039,3115,chr6,39071273
rs2300616,ENSG00000112164.5,chr6_39071682_G_C_b38,22884,0.460905373,182,224,5.60E-05,-0.275308341,0.066881985,3116,chr6,39071682
rs2300615,ENSG00000112164.5,chr6_39071727_T_G_b38,22929,0.172839507,78,84,0.494171067,0.05988751,0.087436295,3117,chr6,39071727
rs7753618,ENSG00000112164.5,chr6_39072164_A_G_b38,23366,0.32921809,140,160,2.52E-10,-0.448945701,0.067414642,3118,chr6,39072164
rs2235868,ENSG00000112164.5,chr6_39072878_A_C_b38,24080,0.483539104,188,235,2.41E-08,-0.371488363,0.063963649,3119,chr6,39072878
rs2235867,ENSG00000112164.5,chr6_39073208_A_G_b38,24410,0.121399224,56,59,0.008321426,-0.25815025,0.096872015,3120,chr6,39073208
rs10305476,ENSG00000112164.5,chr6_39073305_A_G_b38,24507,0.018518519,9,9,0.017275897,-0.570709467,0.237747302,3121,chr6,39073305
rs1042044,ENSG00000112164.5,chr6_39073726_A_C_b38,24928,0.44650209,177,217,1.67E-05,-0.289032042,0.065537393,3122,chr6,39073726
rs10305478,ENSG00000112164.5,chr6_39073917_C_T_b38,25119,0.037037037,18,18,0.003010492,0.52478075,0.17475945,3123,chr6,39073917
rs10305479,ENSG00000112164.5,chr6_39073934_C_T_b38,25136,0.072016455,33,35,0.70174609,-0.047387291,0.123563419,3124,chr6,39073934
rs6458093,ENSG00000112164.5,chr6_39074049_A_G_b38,25251,0.483539104,188,235,2.41E-08,-0.371488363,0.063963649,3125,chr6,39074049
rs1474766,ENSG00000112164.5,chr6_39074430_G_C_b38,25632,0.341563761,142,166,9.19E-11,-0.441360801,0.064537127,3126,chr6,39074430
rs932443,ENSG00000112164.5,chr6_39074558_T_C_b38,25760,0.351851851,143,171,0.003631568,0.196177691,0.066664535,3127,chr6,39074558
rs10305483,ENSG00000112164.5,chr6_39074676_C_T_b38,25878,0.037037037,18,18,0.003010492,0.52478075,0.17475945,3128,chr6,39074676
rs10305487,ENSG00000112164.5,chr6_39074870_C_T_b38,26072,0.347736627,144,169,2.80E-10,-0.428689092,0.06455509,3129,chr6,39074870
rs2268648,ENSG00000112164.5,chr6_39075265_C_T_b38,26467,0.353909463,147,172,1.97E-05,-0.309106559,0.070703643,3130,chr6,39075265
rs2268647,ENSG00000112164.5,chr6_39075402_C_T_b38,26604,0.497942358,192,242,5.72E-07,-0.342567652,0.066321258,3131,chr6,39075402
rs2268646,ENSG00000112164.5,chr6_39075740_C_T_b38,26942,0.139917687,64,68,0.704728166,0.035871275,0.094527459,3132,chr6,39075740
rs12204668,ENSG00000112164.5,chr6_39076020_C_T_b38,27222,0.384773642,155,187,8.32E-07,-0.337045103,0.066277716,3133,chr6,39076020
rs2268645,ENSG00000112164.5,chr6_39076216_G_A_b38,27418,0.065843619,30,32,0.925557221,-0.011946061,0.127694187,3134,chr6,39076216
rs2268644,ENSG00000112164.5,chr6_39076782_G_C_b38,27984,0.444444478,177,216,6.55E-05,-0.272227317,0.066772848,3135,chr6,39076782
rs2268643,ENSG00000112164.5,chr6_39076813_G_A_b38,28015,0.386831254,156,188,1.38E-06,-0.33100009,0.066524117,3136,chr6,39076813
rs139154419,ENSG00000112164.5,chr6_39077037_T_C_b38,28239,0.014403292,7,7,0.173074022,-0.367301494,0.268651982,3137,chr6,39077037
rs1077680,ENSG00000112164.5,chr6_39077806_C_T_b38,29008,0.067901231,31,33,0.93104399,-0.010908449,0.125907147,3138,chr6,39077806
rs1076734,ENSG00000112164.5,chr6_39078023_C_A_b38,29225,0.065843619,30,32,0.925557221,-0.011946061,0.127694187,3139,chr6,39078023
rs1076733,ENSG00000112164.5,chr6_39078132_G_A_b38,29334,0.444444418,179,216,2.12E-06,-0.335519671,0.068715273,3140,chr6,39078132
rs199845456,ENSG00000112164.5,chr6_39078420_TC_T_b38,29622,0.014403292,6,7,0.005866645,-0.665055931,0.238835135,3141,chr6,39078420
rs761387,ENSG00000112164.5,chr6_39078425_A_G_b38,29627,0.096707813,44,47,0.419851224,0.087488331,0.108234441,3142,chr6,39078425
rs2277110,ENSG00000112164.5,chr6_39078768_G_A_b38,29970,0.034979422,17,17,0.009069474,0.478479326,0.181603476,3143,chr6,39078768
rs10305491,ENSG00000112164.5,chr6_39078770_G_A_b38,29972,0.337448537,143,164,2.76E-09,-0.420623571,0.067604502,3144,chr6,39078770
rs742762,ENSG00000112164.5,chr6_39078868_A_C_b38,30070,0.102880657,47,50,0.226649213,0.129951328,0.10715759,3145,chr6,39078868
rs742761,ENSG00000112164.5,chr6_39078879_C_T_b38,30081,0.069958843,32,34,0.855002911,-0.022732066,0.12423822,3146,chr6,39078879
rs761386,ENSG00000112164.5,chr6_39079095_C_T_b38,30297,0.030864196,15,15,0.127880537,0.282565653,0.184833179,3147,chr6,39079095
rs9296286,ENSG00000112164.5,chr6_39079977_C_T_b38,31179,0.020576131,10,10,0.552547157,-0.136607766,0.229616618,3148,chr6,39079977
rs9296287,ENSG00000112164.5,chr6_39080069_A_C_b38,31271,0.467078209,183,227,7.87E-07,-0.340086877,0.066719877,3149,chr6,39080069
rs143381537,ENSG00000112164.5,chr6_39080182_CCCTG_C_b38,31384,0.467078209,183,227,7.87E-07,-0.340086877,0.066719877,3150,chr6,39080182
rs7451219,ENSG00000112164.5,chr6_39080226_T_G_b38,31428,0.355967075,146,173,9.21E-10,-0.409801215,0.063783031,3151,chr6,39080226
rs9366994,ENSG00000112164.5,chr6_39080284_C_T_b38,31486,0.102880657,47,50,0.226649213,0.129951328,0.10715759,3152,chr6,39080284
rs9296288,ENSG00000112164.5,chr6_39080423_C_G_b38,31625,0.485596687,187,236,1.05E-05,-0.304172546,0.067286277,3153,chr6,39080423
rs9296289,ENSG00000112164.5,chr6_39080442_T_C_b38,31644,0.467078209,183,227,7.87E-07,-0.340086877,0.066719877,3154,chr6,39080442
rs9296290,ENSG00000112164.5,chr6_39080443_G_A_b38,31645,0.353909463,145,172,4.52E-10,-0.417482585,0.063695751,3155,chr6,39080443
rs1126476,ENSG00000112164.5,chr6_39080715_A_C_b38,31917,0.497942388,190,242,8.17E-09,-0.382887661,0.063633569,3156,chr6,39080715
rs10305500,ENSG00000112164.5,chr6_39080932_C_T_b38,32134,0.010288065,5,5,0.930303633,-0.028646765,0.327124551,3157,chr6,39080932
rs7769547,ENSG00000112164.5,chr6_39080981_A_G_b38,32183,0.434156418,170,211,2.15E-06,-0.312684029,0.064085362,3158,chr6,39080981
rs10305501,ENSG00000112164.5,chr6_39081027_G_T_b38,32229,0.355967075,144,173,2.73E-10,-0.411607713,0.061938497,3159,chr6,39081027
rs2300614,ENSG00000112164.5,chr6_39081197_A_G_b38,32399,0.38271606,155,186,0.000104613,-0.260963351,0.065938189,3160,chr6,39081197
rs2300613,ENSG00000112164.5,chr6_39081429_G_A_b38,32631,0.32921809,134,160,0.006474381,0.177679688,0.06458211,3161,chr6,39081429
rs2300612,ENSG00000112164.5,chr6_39081628_T_G_b38,32830,0.069958843,31,34,0.857389855,0.021601487,0.120057374,3162,chr6,39081628
rs118165882,ENSG00000112164.5,chr6_39082187_A_G_b38,33389,0.028806584,14,14,0.190695617,0.253787279,0.193301393,3163,chr6,39082187
rs75821134,ENSG00000112164.5,chr6_39082279_A_G_b38,33481,0.028806584,14,14,0.190695617,0.253787279,0.193301393,3164,chr6,39082279
rs2268641,ENSG00000112164.5,chr6_39082490_C_T_b38,33692,0.405349791,157,197,0.005195081,0.178462282,0.063165501,3165,chr6,39082490
rs2268640,ENSG00000112164.5,chr6_39082608_G_A_b38,33810,0.448559701,167,218,9.36E-05,0.241458103,0.060572858,3166,chr6,39082608
rs2268639,ENSG00000112164.5,chr6_39082846_T_A_b38,34048,0.409465015,161,199,0.000970917,0.212885335,0.063590727,3167,chr6,39082846
rs2268638,ENSG00000112164.5,chr6_39082937_C_T_b38,34139,0.024691358,12,12,0.877817812,0.032490321,0.211071988,3168,chr6,39082937
rs2268637,ENSG00000112164.5,chr6_39083142_A_C_b38,34344,0.024691358,12,12,0.877817812,0.032490321,0.211071988,3169,chr6,39083142
rs2206942,ENSG00000112164.5,chr6_39083663_C_T_b38,34865,0.448559672,165,218,0.078616231,0.108855285,0.06158078,3170,chr6,39083663
rs2268636,ENSG00000112164.5,chr6_39083699_G_A_b38,34901,0.074074075,33,36,0.917154415,-0.012451026,0.119550823,3171,chr6,39083699
rs2268635,ENSG00000112164.5,chr6_39083918_C_T_b38,35120,0.08024691,35,39,0.674670831,0.047859557,0.113855121,3172,chr6,39083918
rs2268634,ENSG00000112164.5,chr6_39084571_C_G_b38,35773,0.08024691,35,39,0.674670831,0.047859557,0.113855121,3173,chr6,39084571
rs150058270,ENSG00000112164.5,chr6_39085011_A_G_b38,36213,0.051440328,23,25,0.700766793,-0.053890634,0.140037778,3174,chr6,39085011
rs2268633,ENSG00000112164.5,chr6_39085217_G_C_b38,36419,0.08024691,35,39,0.674670831,0.047859557,0.113855121,3175,chr6,39085217
rs2894420,ENSG00000112164.5,chr6_39085320_A_G_b38,36522,0.384773672,151,187,3.16E-05,0.269864142,0.0633901,3176,chr6,39085320
rs2235866,ENSG00000112164.5,chr6_39085412_C_T_b38,36614,0.104938269,47,51,0.646251092,0.047774795,0.103934731,3177,chr6,39085412
rs10305512,ENSG00000112164.5,chr6_39086337_G_A_b38,37539,0.03292181,16,16,0.072782766,0.341886401,0.189561825,3178,chr6,39086337
rs10305514,ENSG00000112164.5,chr6_39086362_G_T_b38,37564,0.05349794,26,26,0.882876598,0.022183064,0.150384374,3179,chr6,39086362
rs10305516,ENSG00000112164.5,chr6_39086813_C_G_b38,38015,0.08024691,35,39,0.674670831,0.047859557,0.113855121,3180,chr6,39086813
rs10305518,ENSG00000112164.5,chr6_39087236_T_G_b38,38438,0.055555552,27,27,0.87079332,0.024279881,0.149087456,3181,chr6,39087236
rs1820,ENSG00000112164.5,chr6_39087645_T_A_b38,38847,0.034979422,16,17,0.325189856,0.160689056,0.162931147,3182,chr6,39087645
rs4714210,ENSG00000112164.5,chr6_39087709_A_G_b38,38911,0.434156358,167,211,0.019946662,0.147616595,0.062925876,3183,chr6,39087709
rs10305522,ENSG00000112164.5,chr6_39087740_C_T_b38,38942,0.11934156,56,58,0.466575344,0.073453844,0.1006994,3184,chr6,39087740
rs4714211,ENSG00000112164.5,chr6_39087914_A_G_b38,39116,0.493827134,181,240,0.001889497,0.191418931,0.060800075,3185,chr6,39087914
rs10305525,ENSG00000112164.5,chr6_39088374_C_A_b38,39576,0.082304522,36,40,0.936464833,0.008942693,0.112045968,3186,chr6,39088374
rs10305526,ENSG00000112164.5,chr6_39088414_C_T_b38,39616,0.020576131,10,10,0.259898462,-0.258949429,0.229201646,3187,chr6,39088414
rs114374871,ENSG00000112164.5,chr6_39088890_A_G_b38,40092,0.014403292,7,7,0.173074022,-0.367301494,0.268651982,3188,chr6,39088890
rs10305532,ENSG00000112164.5,chr6_39089148_A_G_b38,40350,0.067901231,33,33,0.390258571,0.115556978,0.134213857,3189,chr6,39089148
rs9296291,ENSG00000112164.5,chr6_39089153_T_C_b38,40355,0.22839506,99,111,0.053656299,0.142484471,0.073411926,3190,chr6,39089153
rs74361117,ENSG00000112164.5,chr6_39089709_C_T_b38,40911,0.049382716,23,24,0.308088012,0.146816134,0.143682724,3191,chr6,39089709
rs9918349,ENSG00000112164.5,chr6_39090620_G_A_b38,41822,0.02674897,13,13,0.910793974,-0.022822598,0.203451816,3192,chr6,39090620
rs59965024,ENSG00000112164.5,chr6_39091403_G_GA_b38,42605,0.38271606,150,186,0.005564873,0.185441613,0.066174083,3193,chr6,39091403
rs61086156,ENSG00000112164.5,chr6_39091548_C_G_b38,42750,0.02674897,13,13,0.910793974,-0.022822598,0.203451816,3194,chr6,39091548
rs4254984,ENSG00000112164.5,chr6_39091903_T_C_b38,43105,0.390946478,154,190,0.075598633,0.115695827,0.064780807,3195,chr6,39091903
rs76291527,ENSG00000112164.5,chr6_39092266_G_C_b38,43468,0.049382716,23,24,0.308088012,0.146816134,0.143682724,3196,chr6,39092266
rs79092954,ENSG00000112164.5,chr6_39092267_G_A_b38,43469,0.016460905,8,8,0.546975319,-0.162097663,0.268680115,3197,chr6,39092267
rs528125944,ENSG00000112164.5,chr6_39092345_T_TCA_b38,43547,0.399176955,158,194,0.074575443,0.117576703,0.065601335,3198,chr6,39092345
rs138516021,ENSG00000112164.5,chr6_39092574_T_C_b38,43776,0.02674897,13,13,0.152465645,0.297462732,0.207108243,3199,chr6,39092574
rs9968886,ENSG00000112164.5,chr6_39092702_G_A_b38,43904,0.152263373,66,74,0.517551592,0.055707477,0.085934303,3200,chr6,39092702
rs13214222,ENSG00000112164.5,chr6_39092986_G_C_b38,44188,0.03292181,16,16,0.001343226,-0.597381651,0.183713439,3201,chr6,39092986
rs77608843,ENSG00000112164.5,chr6_39093340_G_C_b38,44542,0.049382716,23,24,0.308088012,0.146816134,0.143682724,3202,chr6,39093340
rs2143733,ENSG00000112164.5,chr6_39093720_A_C_b38,44922,0.465020597,171,226,0.040653381,0.128156841,0.062205568,3203,chr6,39093720
rs9296292,ENSG00000112164.5,chr6_39095214_T_C_b38,46416,0.417695463,159,203,0.091298408,0.10673824,0.062911718,3204,chr6,39095214
rs60678751,ENSG00000112164.5,chr6_39096167_G_A_b38,47369,0.082304522,36,40,0.936464833,0.008942693,0.112045968,3205,chr6,39096167
rs16891593,ENSG00000112164.5,chr6_39096218_C_G_b38,47420,0.016460905,8,8,0.546975319,-0.162097663,0.268680115,3206,chr6,39096218
rs9462473,ENSG00000112164.5,chr6_39097748_T_A_b38,48950,0.263374478,110,128,0.064135056,0.130530909,0.070125588,3207,chr6,39097748
rs12199395,ENSG00000112164.5,chr6_39097750_G_T_b38,48952,0.034979422,17,17,0.445695434,-0.135464117,0.177286067,3208,chr6,39097750
rs140617839,ENSG00000112164.5,chr6_39097850_G_GT_b38,49052,0.076754376,32,35,0.967748181,-0.00486189,0.120098317,3209,chr6,39097850
rs9462474,ENSG00000112164.5,chr6_39098360_C_G_b38,49562,0.024691403,12,12,0.106549161,-0.336223483,0.20740498,3210,chr6,39098360
rs9470967,ENSG00000112164.5,chr6_39099127_G_A_b38,50329,0.467078209,172,227,0.040104041,0.128778547,0.062334179,3211,chr6,39099127
rs73734044,ENSG00000112164.5,chr6_39099275_A_C_b38,50477,0.072016455,33,35,0.855126835,-0.022906261,0.125298546,3212,chr6,39099275
rs74699147,ENSG00000112164.5,chr6_39099750_C_T_b38,50952,0.049382716,23,24,0.308088012,0.146816134,0.143682724,3213,chr6,39099750
rs6458094,ENSG00000112164.5,chr6_39101492_G_T_b38,52694,0.423868358,162,206,0.007494707,0.172722787,0.063944915,3214,chr6,39101492
rs57143316,ENSG00000112164.5,chr6_39101515_T_C_b38,52717,0.074074075,34,36,0.735251184,-0.041833252,0.12354292,3215,chr6,39101515
rs58851974,ENSG00000112164.5,chr6_39101791_A_G_b38,52993,0.047325101,22,23,0.740082782,-0.050409798,0.151746405,3216,chr6,39101791
rs9380828,ENSG00000112164.5,chr6_39102251_T_A_b38,53453,0.423868358,162,206,0.025073939,0.145307407,0.064381165,3217,chr6,39102251
rs16891597,ENSG00000112164.5,chr6_39102435_G_A_b38,53637,0.034979422,17,17,0.445695434,-0.135464117,0.177286067,3218,chr6,39102435
rs9462475,ENSG00000112164.5,chr6_39103201_G_A_b38,54403,0.341563761,142,166,0.044669815,0.136321172,0.06747684,3219,chr6,39103201
rs9462476,ENSG00000112164.5,chr6_39103222_A_G_b38,54424,0.341563761,142,166,0.044669815,0.136321172,0.06747684,3220,chr6,39103222
rs16891605,ENSG00000112164.5,chr6_39103459_T_C_b38,54661,0.03292181,15,16,0.109477586,0.273906708,0.170382647,3221,chr6,39103459
rs228804,ENSG00000112164.5,chr6_39104034_T_C_b38,55236,0.415637851,158,202,0.049294973,0.127319291,0.064371561,3222,chr6,39104034
rs10023,ENSG00000112164.5,chr6_39104258_A_G_b38,55460,0.220164597,91,107,0.457537339,0.055414509,0.074448801,3223,chr6,39104258
rs41273118,ENSG00000112164.5,chr6_39104558_T_A_b38,55760,0.22839506,99,111,0.053656299,0.142484471,0.073411926,3224,chr6,39104558
rs79724767,ENSG00000112164.5,chr6_39104878_T_C_b38,56080,0.016460905,8,8,0.546975319,-0.162097663,0.268680115,3225,chr6,39104878
rs7696,ENSG00000112164.5,chr6_39104905_A_G_b38,56107,0.423868299,164,206,0.135353245,0.097235553,0.064854616,3226,chr6,39104905
rs183464,ENSG00000112164.5,chr6_39105276_T_C_b38,56478,0.024691358,12,12,0.877817812,0.032490321,0.211071988,3227,chr6,39105276
rs41273120,ENSG00000112164.5,chr6_39105303_T_C_b38,56505,0.014403292,7,7,0.111341433,-0.437385052,0.27351013,3228,chr6,39105303
rs56298410,ENSG00000112164.5,chr6_39106236_C_T_b38,57438,0.057613168,27,28,0.495328818,-0.095006868,0.139083967,3229,chr6,39106236
rs57128347,ENSG00000112164.5,chr6_39106543_C_T_b38,57745,0.016460905,8,8,0.546975319,-0.162097663,0.268680115,3230,chr6,39106543
rs112311352,ENSG00000112164.5,chr6_39106549_T_TA_b38,57751,0.113168724,52,55,0.731659841,0.034729149,0.10113593,3231,chr6,39106549
rs2746304,ENSG00000112164.5,chr6_39106759_T_C_b38,57961,0.442386866,164,215,0.024863903,0.142363653,0.062984397,3232,chr6,39106759
rs116247094,ENSG00000112164.5,chr6_39106870_A_G_b38,58072,0.020576131,10,10,0.179226091,0.313639939,0.232705745,3233,chr6,39106870
rs73416462,ENSG00000112164.5,chr6_39107159_G_C_b38,58361,0.039094649,18,19,0.810655605,-0.038084175,0.15875513,3234,chr6,39107159
rs149216560,ENSG00000112164.5,chr6_39107437_ATTGT_A_b38,58639,0.041152261,20,20,0.401772623,-0.137985259,0.164224829,3235,chr6,39107437
rs172935,ENSG00000112164.5,chr6_39107858_G_A_b38,59060,0.034979463,17,17,0.885025178,0.025659747,0.177227967,3236,chr6,39107858
rs147332659,ENSG00000112164.5,chr6_39108068_T_C_b38,59270,0.018518519,9,9,0.737960225,0.084884867,0.253376851,3237,chr6,39108068
rs7757449,ENSG00000112164.5,chr6_39108109_C_T_b38,59311,0.462962985,174,225,0.014871887,0.161978915,0.06594041,3238,chr6,39108109
rs60391655,ENSG00000112164.5,chr6_39108281_T_A_b38,59483,0.016460905,8,8,0.546975319,-0.162097663,0.268680115,3239,chr6,39108281
rs527757489,ENSG00000112164.5,chr6_39108480_C_CA_b38,59682,0.012345679,6,6,0.306575074,0.299408555,0.29210108,3240,chr6,39108480
rs179272,ENSG00000112164.5,chr6_39108583_C_T_b38,59785,0.477366239,174,232,0.011693779,0.162375912,0.06381968,3241,chr6,39108583
rs75282494,ENSG00000112164.5,chr6_39109027_C_T_b38,60229,0.037037037,18,18,0.381479532,-0.152631074,0.174021679,3242,chr6,39109027
rs138538630,ENSG00000112164.5,chr6_39109416_T_TTCC_b38,60618,0.08024691,35,39,0.607517608,0.057381108,0.111545142,3243,chr6,39109416
rs76950754,ENSG00000112164.5,chr6_39109889_G_A_b38,61091,0.016460905,8,8,0.546975319,-0.162097663,0.268680115,3244,chr6,39109889
rs6933717,ENSG00000112164.5,chr6_39110345_G_T_b38,61547,0.016460905,8,8,0.546975319,-0.162097663,0.268680115,3245,chr6,39110345
rs61737200,ENSG00000112164.5,chr6_39110459_G_A_b38,61661,0.034979422,17,17,0.750523656,-0.056815047,0.178450159,3246,chr6,39110459
rs3839540,ENSG00000112164.5,chr6_39110688_AG_A_b38,61890,0.213991761,93,104,0.032970555,0.159990862,0.074514626,3247,chr6,39110688
rs179271,ENSG00000112164.5,chr6_39111327_G_A_b38,62529,0.434156418,167,211,0.002251938,0.199507952,0.064479079,3248,chr6,39111327
rs170644,ENSG00000112164.5,chr6_39113088_C_T_b38,64290,0.164609045,71,80,0.70092706,0.031992111,0.083180086,3249,chr6,39113088
rs183466,ENSG00000112164.5,chr6_39113105_G_A_b38,64307,0.164609045,71,80,0.70092706,0.031992111,0.083180086,3250,chr6,39113105